{
  "mode": "static_offline",
  "model": "PyGOD-DOMINANT",
  "trained_on": "month_1",
  "per_concept": {
    "month_1": {
      "roc_auc": 0.5195280121715034,
      "f1": 0.017957351290684626
    },
    "month_2": {
      "roc_auc": 0.49885805805805805,
      "f1": 0.0
    },
    "month_3": {
      "roc_auc": 0.45045052024144916,
      "f1": 0.02935290193462308
    },
    "month_4": {
      "roc_auc": 0.46263555180030047,
      "f1": 0.026817947395564725
    },
    "month_5": {
      "roc_auc": 0.4793433360726523,
      "f1": 0.02608695652173913
    },
    "month_6": {
      "roc_auc": 0.4280226369960959,
      "f1": 0.026350461133069828
    }
  },
  "average_roc_auc": 0.4731396858900099
}