{
  "mode": "static_offline",
  "model": "PyGOD-CoLA",
  "trained_on": "month_1",
  "per_concept": {
    "month_1": {
      "roc_auc": 0.3849598245770386,
      "f1": 0.03474178403755868
    },
    "month_2": {
      "roc_auc": 0.42147039213126175,
      "f1": 0.04858757062146893
    },
    "month_3": {
      "roc_auc": 0.43566618853433825,
      "f1": 0.04017638412542871
    },
    "month_4": {
      "roc_auc": 0.38299629985426686,
      "f1": 0.037079076806659096
    },
    "month_5": {
      "roc_auc": 0.4283253712527715,
      "f1": 0.027777777777777776
    },
    "month_6": {
      "roc_auc": 0.4138193962832481,
      "f1": 0.036346691519105315
    }
  },
  "average_roc_auc": 0.41120624543882084
}