{
  "mode": "static_offline",
  "model": "PyGOD-DOMINANT",
  "trained_on": "month_1",
  "per_concept": {
    "month_1": {
      "roc_auc": 0.5405930907254501,
      "f1": 0.014061654948620876
    },
    "month_2": {
      "roc_auc": 0.5074180093136614,
      "f1": 0.0
    },
    "month_3": {
      "roc_auc": 0.46129171379716793,
      "f1": 0.03225806451612903
    },
    "month_4": {
      "roc_auc": 0.48109775695751966,
      "f1": 0.027094831911690917
    },
    "month_5": {
      "roc_auc": 0.48727066995636875,
      "f1": 0.029654036243822075
    },
    "month_6": {
      "roc_auc": 0.4403091476050942,
      "f1": 0.02781289506953224
    }
  },
  "average_roc_auc": 0.48633006472587703
}