{
    "model": {
        "name": "PyGOD-OCGNN",
        "detector_params": {
            "hid_dim": "64",
            "num_layers": "2",
            "epoch": "100",
            "lr": "0.004",
            "contamination": "0.035",
            "batch_size": "32768",
            "num_neigh": "10",
            "gpu": "0"
        }
    },
    "dataset": {
        "name": "ieee-cis-fraud-temporal",
        "tran_concepts_no": 6,
        "test_concepts_no": 6
    },
    "strategy": {
        "name": "Naive"
    },
    "concept_metric_callback_ROC-AUC": {
        "base_metric_name": "ROC-AUC",
        "metrics": {
            "ContinualAverage": 0.5515702700676484,
            "BackwardTransfer": -0.010469732371478583,
            "ForwardTransfer": 0.5527479772873799
        },
        "concepts_order": [
            "month_1",
            "month_2",
            "month_3",
            "month_4",
            "month_5",
            "month_6"
        ],
        "metric_matrix": {
            "month_1": {
                "month_1": 0.5432128350706692,
                "month_2": 0.5793128432780607,
                "month_3": 0.5705887998107733,
                "month_4": 0.5769164352025139,
                "month_5": 0.5721414256981917,
                "month_6": 0.5744314401273933
            },
            "month_2": {
                "month_1": 0.4677791187422726,
                "month_2": 0.48497396526961734,
                "month_3": 0.43671222137945254,
                "month_4": 0.4128465512711118,
                "month_5": 0.46635400954882805,
                "month_6": 0.43781426325866435
            },
            "month_3": {
                "month_1": 0.5791931763044572,
                "month_2": 0.5967378334856596,
                "month_3": 0.5966230720541674,
                "month_4": 0.6240197009720749,
                "month_5": 0.6224253800654109,
                "month_6": 0.6479959970441426
            },
            "month_4": {
                "month_1": 0.4560314470843974,
                "month_2": 0.5459015363189277,
                "month_3": 0.5264495271973825,
                "month_4": 0.5728043861723767,
                "month_5": 0.5439301148776614,
                "month_6": 0.5729322556854888
            },
            "month_5": {
                "month_1": 0.5544723608113362,
                "month_2": 0.5739301736519128,
                "month_3": 0.5916878148273439,
                "month_4": 0.6638561281656755,
                "month_5": 0.6174119120535333,
                "month_6": 0.6527982210909319
            },
            "month_6": {
                "month_1": 0.49521641256523075,
                "month_2": 0.5237217913565739,
                "month_3": 0.5416984687432278,
                "month_4": 0.5634796466136642,
                "month_5": 0.5338638657694885,
                "month_6": 0.5539301991627025
            }
        }
    },
    "time_evaluation_callback": {
        "time_by_concept": {
            "month_1": {
                "train_time": 15.497005224227905,
                "eval_time": 0.4293661117553711
            },
            "month_2": {
                "train_time": 7.160820245742798,
                "eval_time": 0.25598716735839844
            },
            "month_3": {
                "train_time": 7.577452898025513,
                "eval_time": 0.26478147506713867
            },
            "month_4": {
                "train_time": 8.648811101913452,
                "eval_time": 0.27117276191711426
            },
            "month_5": {
                "train_time": 6.931070327758789,
                "eval_time": 0.24558687210083008
            },
            "month_6": {
                "train_time": 7.071066617965698,
                "eval_time": 0.2483537197113037
            }
        },
        "train_time_total": 52.886226415634155,
        "eval_time_total": 1.7152481079101562
    }
}