{
    "model": {
        "name": "PyGOD-CoLA",
        "detector_params": {
            "hid_dim": "64",
            "num_layers": "2",
            "epoch": "50",
            "lr": "0.004",
            "contamination": "0.035",
            "batch_size": "16384",
            "num_neigh": "10",
            "gpu": "0"
        }
    },
    "dataset": {
        "name": "ieee-cis-fraud-temporal",
        "tran_concepts_no": 6,
        "test_concepts_no": 6
    },
    "strategy": {
        "name": "Naive"
    },
    "concept_metric_callback_ROC-AUC": {
        "base_metric_name": "ROC-AUC",
        "metrics": {
            "ContinualAverage": 0.39287278425553424,
            "BackwardTransfer": -0.004252050475270297,
            "ForwardTransfer": 0.4084382896582526
        },
        "concepts_order": [
            "month_1",
            "month_2",
            "month_3",
            "month_4",
            "month_5",
            "month_6"
        ],
        "metric_matrix": {
            "month_1": {
                "month_1": 0.42504030145095223,
                "month_2": 0.4495322626974801,
                "month_3": 0.44361556244747374,
                "month_4": 0.4430717731242705,
                "month_5": 0.4720302888157529,
                "month_6": 0.46213221642846386
            },
            "month_2": {
                "month_1": 0.41312963109106526,
                "month_2": 0.40940780780780783,
                "month_3": 0.37800546141201224,
                "month_4": 0.34067347841833506,
                "month_5": 0.39201099863579925,
                "month_6": 0.37721687483297806
            },
            "month_3": {
                "month_1": 0.4071848107464668,
                "month_2": 0.40122780171475825,
                "month_3": 0.39232498506800006,
                "month_4": 0.3487287565217815,
                "month_5": 0.4029357058910998,
                "month_6": 0.39490767636086505
            },
            "month_4": {
                "month_1": 0.40433600302627215,
                "month_2": 0.40161653827740784,
                "month_3": 0.4022363643090845,
                "month_4": 0.3717495230292541,
                "month_5": 0.4365027027614319,
                "month_6": 0.4312366409942142
            },
            "month_5": {
                "month_1": 0.3838997766403918,
                "month_2": 0.39831353092222654,
                "month_3": 0.3685062152797966,
                "month_4": 0.3468443107438437,
                "month_5": 0.3963189306253179,
                "month_6": 0.3539739455318308
            },
            "month_6": {
                "month_1": 0.38294152631299416,
                "month_2": 0.3965502546024285,
                "month_3": 0.3729343956636415,
                "month_4": 0.3688105894017304,
                "month_5": 0.4098240248714832,
                "month_6": 0.39713114778129643
            }
        }
    },
    "time_evaluation_callback": {
        "time_by_concept": {
            "month_1": {
                "train_time": 12.858814477920532,
                "eval_time": 0.5992584228515625
            },
            "month_2": {
                "train_time": 6.624845027923584,
                "eval_time": 0.3738701343536377
            },
            "month_3": {
                "train_time": 7.167331695556641,
                "eval_time": 0.3868367671966553
            },
            "month_4": {
                "train_time": 7.797144174575806,
                "eval_time": 0.39278244972229004
            },
            "month_5": {
                "train_time": 6.513335704803467,
                "eval_time": 0.3517303466796875
            },
            "month_6": {
                "train_time": 6.317662477493286,
                "eval_time": 0.358431339263916
            }
        },
        "train_time_total": 47.279133558273315,
        "eval_time_total": 2.462909460067749
    }
}