{
  "mode": "static_offline",
  "model": "PyGOD-CoLA",
  "trained_on": "month_1",
  "per_concept": {
    "month_1": {
      "roc_auc": 0.4256934840228015,
      "f1": 0.0173053152039555
    },
    "month_2": {
      "roc_auc": 0.4408771728249989,
      "f1": 0.03980099502487562
    },
    "month_3": {
      "roc_auc": 0.46270424134869,
      "f1": 0.0468299711815562
    },
    "month_4": {
      "roc_auc": 0.4537171234162986,
      "f1": 0.03474094040131776
    },
    "month_5": {
      "roc_auc": 0.46973816278566743,
      "f1": 0.027515723270440252
    },
    "month_6": {
      "roc_auc": 0.47584767614684237,
      "f1": 0.045841519318926
    }
  },
  "average_roc_auc": 0.4547629767575498
}