{
  "mode": "static_offline",
  "model": "PyGOD-OCGNN",
  "trained_on": "month_1",
  "per_concept": {
    "month_1": {
      "roc_auc": 0.41328485306586593,
      "f1": 0.024529128339903637
    },
    "month_2": {
      "roc_auc": 0.5119232972102538,
      "f1": 0.06292860024203308
    },
    "month_3": {
      "roc_auc": 0.5145163155224086,
      "f1": 0.027885360185902403
    },
    "month_4": {
      "roc_auc": 0.5323781889139183,
      "f1": 0.049939098660170524
    },
    "month_5": {
      "roc_auc": 0.554970898082482,
      "f1": 0.04814673290026748
    },
    "month_6": {
      "roc_auc": 0.5522153612826346,
      "f1": 0.05151242887091944
    }
  },
  "average_roc_auc": 0.5132148190129272
}