{
    "model": {
        "name": "PyGOD-CoLA",
        "detector_params": {
            "hid_dim": "64",
            "num_layers": "2",
            "epoch": "10",
            "lr": "0.004",
            "contamination": "0.035",
            "batch_size": "4096",
            "num_neigh": "10",
            "gpu": "-1"
        }
    },
    "dataset": {
        "name": "ieee-cis-fraud-temporal",
        "tran_concepts_no": 6,
        "test_concepts_no": 6
    },
    "strategy": {
        "name": "Naive"
    },
    "concept_metric_callback_ROC-AUC": {
        "base_metric_name": "ROC-AUC",
        "metrics": {
            "ContinualAverage": 0.3976479126611232,
            "BackwardTransfer": -0.006483918354923512,
            "ForwardTransfer": 0.42782344770015074
        },
        "concepts_order": [
            "month_1",
            "month_2",
            "month_3",
            "month_4",
            "month_5",
            "month_6"
        ],
        "metric_matrix": {
            "month_1": {
                "month_1": 0.45032700512783885,
                "month_2": 0.4715953170561866,
                "month_3": 0.4843076903763921,
                "month_4": 0.5014872684028789,
                "month_5": 0.4839538056036734,
                "month_6": 0.5058614344294076
            },
            "month_2": {
                "month_1": 0.38772953973077423,
                "month_2": 0.42148550289419856,
                "month_3": 0.3815419172952202,
                "month_4": 0.3454775836424907,
                "month_5": 0.4060097371529275,
                "month_6": 0.3859206322052143
            },
            "month_3": {
                "month_1": 0.4172094747243363,
                "month_2": 0.42127999303651475,
                "month_3": 0.39665445568235275,
                "month_4": 0.3769000912932596,
                "month_5": 0.4289729349096568,
                "month_6": 0.39838957510500667
            },
            "month_4": {
                "month_1": 0.38985683720354286,
                "month_2": 0.3859642773207991,
                "month_3": 0.38540887581861716,
                "month_4": 0.3658456959000945,
                "month_5": 0.4185635754772643,
                "month_6": 0.4004705785602992
            },
            "month_5": {
                "month_1": 0.40849465166213417,
                "month_2": 0.4180670409539975,
                "month_3": 0.3867044085078043,
                "month_4": 0.39862015502257575,
                "month_5": 0.4076467675800476,
                "month_6": 0.4278995739923822
            },
            "month_6": {
                "month_1": 0.389888444223462,
                "month_2": 0.4199723723723724,
                "month_3": 0.3687467625309872,
                "month_4": 0.36212976795526064,
                "month_5": 0.4039633047785973,
                "month_6": 0.3646108328572796
            }
        }
    },
    "time_evaluation_callback": {
        "time_by_concept": {
            "month_1": {
                "train_time": 20.60354733467102,
                "eval_time": 2.4488437175750732
            },
            "month_2": {
                "train_time": 11.707929611206055,
                "eval_time": 1.4432120323181152
            },
            "month_3": {
                "train_time": 11.26683759689331,
                "eval_time": 1.5549921989440918
            },
            "month_4": {
                "train_time": 14.327169418334961,
                "eval_time": 1.5897479057312012
            },
            "month_5": {
                "train_time": 10.264557123184204,
                "eval_time": 1.3325233459472656
            },
            "month_6": {
                "train_time": 11.77592945098877,
                "eval_time": 1.4216248989105225
            }
        },
        "train_time_total": 79.94597053527832,
        "eval_time_total": 9.79094409942627
    }
}