{
  "mode": "static_offline",
  "model": "PyGOD-CoLA",
  "trained_on": "month_1",
  "per_concept": {
    "month_1": {
      "roc_auc": 0.4373833553432217,
      "f1": 0.023356401384083045
    },
    "month_2": {
      "roc_auc": 0.46989965617791707,
      "f1": 0.04918793503480278
    },
    "month_3": {
      "roc_auc": 0.45824034969951,
      "f1": 0.040846097738876735
    },
    "month_4": {
      "roc_auc": 0.4936659522668376,
      "f1": 0.05165165165165165
    },
    "month_5": {
      "roc_auc": 0.49355522603947544,
      "f1": 0.03408210689388071
    },
    "month_6": {
      "roc_auc": 0.4969867887944208,
      "f1": 0.04747774480712166
    }
  },
  "average_roc_auc": 0.4749552213868971
}