{
  "mode": "static_offline",
  "model": "PyGOD-OCGNN",
  "trained_on": "month_1",
  "per_concept": {
    "month_1": {
      "roc_auc": 0.5390747284971992,
      "f1": 0.020822488287350338
    },
    "month_2": {
      "roc_auc": 0.5287044087565826,
      "f1": 0.028543307086614175
    },
    "month_3": {
      "roc_auc": 0.5748110375229265,
      "f1": 0.027051397655545536
    },
    "month_4": {
      "roc_auc": 0.6123689616636907,
      "f1": 0.04558969276511397
    },
    "month_5": {
      "roc_auc": 0.5916958536138199,
      "f1": 0.05694261936049058
    },
    "month_6": {
      "roc_auc": 0.5999048772089223,
      "f1": 0.037383177570093455
    }
  },
  "average_roc_auc": 0.5744266445438568
}