{
  "mode": "static_offline",
  "model": "PyGOD-DOMINANT",
  "trained_on": "month_1",
  "per_concept": {
    "month_1": {
      "roc_auc": 0.6601616161616162,
      "f1": 0.02247191011235955
    },
    "month_2": {
      "roc_auc": 0.6183901074834057,
      "f1": 0.05555555555555555
    },
    "month_3": {
      "roc_auc": 0.6341927615856514,
      "f1": 0.12121212121212122
    },
    "month_4": {
      "roc_auc": 0.6128714083587288,
      "f1": 0.07317073170731707
    },
    "month_5": {
      "roc_auc": 0.5455017301038062,
      "f1": 0.07600950118764846
    },
    "month_6": {
      "roc_auc": 0.5869389896075796,
      "f1": 0.05827505827505827
    }
  },
  "average_roc_auc": 0.609676102216798
}